id,comment_text,toxic,severe_toxic,obscene,threat,insult,identity_hate
0000997932d777bf,"Explanation
Why the edits made under my username Hardcore Metallica Fan were reverted? They weren't vandalisms, just closure on some GAs after I voted at New York Dolls FAC. And please don't remove the template from the talk page since I'm retired now.89.205.38.27",0,0,0,0,0,0
000113f07ec002fd,"Hey man, I'm really not trying to edit war. It's just that this guy is constantly removing relevant information and talking to me through edits instead of my talk page. He seems to care more about the formatting than the actual info.",0,0,0,0,0,0
0001b41b1c6bb37e,"""
More
I can't make any real suggestions on improvement - I wondered if the section statistics should be later on, or a subsection of """"types of accidents""""  -I think the references may need tidying so that they are all in the exact same format ie date format etc. I can do that later on, if no-one else does first - if you have any preferences for formatting style on references or want to do it yourself please let me know.

There appears to be a backlog on articles for review so I guess there may be a delay until a reviewer turns up. It's listed in the relevant form eg Wikipedia:Good_article_nominations#Transport  """,0,0,0,0,0,0
0001d958c54c6e35,"You, sir, are my hero. Any chance you remember what page that's on?",0,0,0,0,0,0
0002bcb3da6cb337,COCKSUCKER BEFORE YOU PISS AROUND ON MY WORK,1,1,1,0,1,0
00031b1e95af7921,"Your vandalism to the Matt Shirvington article has been reverted.  Please don't do it again, or you will be banned.",0,0,0,0,0,0
00037261f536c51d,"Sorry if the word 'nonsense' was offensive to you. Anyway, I'm not intending to write anything in the article(wow they would jump on me for vandalism), I'm merely requesting that it be more encyclopedic so one can use it for school as a reference. I have been to the selective breeding page but it's almost a stub. It points to 'animal breeding' which is a short messy article that gives you no info. There must be someone around with expertise in eugenics? 93.161.107.169",0,0,0,0,0,0
00040093b2687caa,alignment on this subject and which are contrary to those of DuLithgow,0,0,0,0,0,0
0005300084f90edc,"""
Fair use rationale for Image:Wonju.jpg

Thanks for uploading Image:Wonju.jpg. I notice the image page specifies that the image is being used under fair use but there is no explanation or rationale as to why its use in Wikipedia articles constitutes fair use. In addition to the boilerplate fair use template, you must also write out on the image description page a specific explanation or rationale for why using this image in each article is consistent with fair use.

Please go to the image description page and edit it to include a fair use rationale.

If you have uploaded other fair use media, consider checking that you have specified the fair use rationale on those pages too. You can find a list of 'image' pages you have edited by clicking on the """"my contributions"""" link (it is located at the very top of any Wikipedia page when you are logged in), and then selecting """"Image"""" from the dropdown box. Note that any fair use images uploaded after 4 May, 2006, and lacking such an explanation will be deleted one week after they have been uploaded, as described on criteria for speedy deletion. If you have any questions please ask them at the Media copyright questions page. Thank you. (talk • contribs • ) 
Unspecified source for Image:Wonju.jpg

Thanks for uploading Image:Wonju.jpg. I noticed that the file's description page currently doesn't specify who created the content, so the copyright status is unclear. If you did not create this file yourself, then you will need to specify the owner of the copyright. If you obtained it from a website, then a link to the website from which it was taken, together with a restatement of that website's terms of use of its content, is usually sufficient information. However, if the copyright holder is different from the website's publisher, then their copyright should also be acknowledged.

As well as adding the source, please add a proper copyright licensing tag if the file doesn't have one already. If you created/took the picture, audio, or video then the  tag can be used to release it under the GFDL. If you believe the media meets the criteria at Wikipedia:Fair use, use a tag such as  or one of the other tags listed at Wikipedia:Image copyright tags#Fair use. See Wikipedia:Image copyright tags for the full list of copyright tags that you can use.

If you have uploaded other files, consider checking that you have specified their source and tagged them, too. You can find a list of files you have uploaded by following [ this link]. Unsourced and untagged images may be deleted one week after they have been tagged, as described on criteria for speedy deletion. If the image is copyrighted under a non-free license (per Wikipedia:Fair use) then the image will be deleted 48 hours after . If you have any questions please ask them at the Media copyright questions page. Thank you. (talk • contribs • ) """,0,0,0,0,0,0
0005c987bdfc9d4b,"Hey... what is it..
@ | talk .
What is it... an exclusive group of some WP TALIBANS...who are good at destroying, self-appointed purist who GANG UP any one who asks them questions abt their ANTI-SOCIAL and DESTRUCTIVE (non)-contribution at WP?

Ask Sityush to clean up his behavior than issue me nonsensical warnings...",1,0,0,0,0,0
0006f16e4e9f292e,"Before you start throwing accusations and warnings at me, lets review the edit itself-making ad hominem attacks isn't going to strengthen your argument, it will merely make it look like you are abusing your power as an admin. 
Now, the edit itself is relevant-this is probably the single most talked about event int he news as of late. His absence is notable, since he is the only living ex-president who did not attend. That's certainly more notable than his dedicating an aircracft carrier. 
I intend to revert this edit, in hopes of attracting the attention of an admin that is willing to look at the issue itself, and not throw accusations around quite so liberally. Perhaps, if you achieve a level of civility where you can do this, we can have a rational discussion on the topic and resolve the matter peacefully.",0,0,0,0,0,0
00070ef96486d6f9,"Oh, and the girl above started her arguments with me. She stuck her nose where it doesn't belong. I believe the argument was between me and Yvesnimmo. But like I said, the situation was settled and I apologized. Thanks,",0,0,0,0,0,0
00078f8ce7eb276d,"""

Juelz Santanas Age

In 2002, Juelz Santana was 18 years old, then came February 18th, which makes Juelz turn 19 making songs with The Diplomats. The third neff to be signed to Cam's label under Roc A Fella. In 2003, he was 20 years old coming out with his own singles """"Santana's Town"""" and """"Down"""". So yes, he is born in 1983. He really is, how could he be older then Lloyd Banks? And how could he be 22 when his birthday passed? The homie neff is 23 years old. 1983 - 2006 (Juelz death, god forbid if your thinking about that) equals 23. Go to your caculator and stop changing his year of birth. My god.""",0,0,0,0,0,0
000bfd0867774845,"""
Good to know. About me, yeah, I'm studying now.(Deepu) """,0,0,0,0,0,0
000c6a3f0cd3ba8e,"""

 The Signpost: 24 September 2012 

 Read this Signpost in full
 Single-page
 Unsubscribe
   
""",0,0,0,0,0,0
000cfee90f50d471,"""

Re-considering 1st paragraph edit?
I don't understand the reasons for 's recent edit of this article  not that I'm sure that the data are necessarily """"wrong.""""  Rather, I'm persuaded that the strategy of introducing academic honors in the first paragraph is an unhelpful approach to this specific subject.  I note that articles about other sitting Justices have been similarly """"enhanced;"""" and I also believe those changes are no improvement.  

In support of my view that this edit should be reverted, I would invite anyone to re-visit articles written about the following pairs of jurists.
 A1. Benjamin Cardozo
 A2. Learned Hand

 B1. John Marshall Harlan
 B2. John Marshall Harlan II

The question becomes: Would the current version of the Wikipedia article about any one of them  or either pair  be improved by academic credentials in the introductory paragraph?  I think not.

Perhaps it helps to repeat a wry argument Kathleen Sullivan of Stanford Law makes when she suggests that some on the Harvard Law faculty wonder how Antonin Scalia avoided learning what others have managed to grasp about the processes of judging?  I would hope this anecdote gently illustrates the point. 

Less humorous, but an even stronger argument is the one Clarence Thomas makes when he mentions wanting to return his law degree to Yale.

At a minimum, I'm questioning this edit?  It deserves to be reconsidered.   """,0,0,0,0,0,0
000eefc67a2c930f,"Radial symmetry 

Several now extinct lineages included in the Echinodermata were bilateral such as Homostelea, or even asymmetrical such as Cothurnocystis (Stylophora).

-",0,0,0,0,0,0
000f35deef84dc4a,"There's no need to apologize. A Wikipedia article is made for reconciling knowledge about a subject from different sources, and you've done history studies and not archaeology studies, I guess. I could scan the page, e-mail it to you, and then you could ask someone to translate the page.",0,0,0,0,0,0
000ffab30195c5e1,"Yes, because the mother of the child in the case against Michael Jackson was studied in here motives and reasonings and judged upon her character just as harshly as Wacko Jacko himself.  Don't tell me to ignore it and incriminate myself.  I am going to continue refuting the bullshit that Jayjg keeps throwing at me.   18:01, 16 Jun 2005 (UTC)",0,0,0,0,0,0
0010833a96e1f886,"""== A barnstar for you! ==

  The Real Life Barnstar lets us be the stars
   """,0,0,0,0,0,0
0011cc71398479c4,"How could I post before the block expires?  The funny thing is, you think I'm being uncivil!",0,0,0,0,0,0
00128363e367d703,Not sure about a heading of 'Fight for Freedom' what will it contain?,0,0,0,0,0,0
001363e1dbe91225,"I was able to post the above list so quickly because I already had it in a text file in my hard drive  I've been meaning to get around to updating the sound list for some time now. 
As far as generating interest  I've spent four years trying to drum up more interest in freely licensed full length classical music. Unfortunately, my attempts failed - I'm still effectively the only one who does it. The classical music wikiproject was not interested, (Wikipedia_talk:WikiProject_Classical_music/Archive_5#Need_help.21Wikipedia_talk:WikiProject_Music/Archive_3#I_could_use_some_helpWikipedia_talk:WikiProject_Music/Archive_2#Raulbot.2C_and_the_music_list) So I really had given up trying to interest others.  
The sound list was featured on digg a while back - http://digg.com/music/Wikipedia_has_free_classical_music_downloads . It got 1600 diggs, which is IMO very impressive.",0,0,0,0,0,0
0013a8b1a5f26bcb,"""
Well, not """"before the process"""" but """"before how we do things with subpages"""" His RfA is listed on NoSeptember's page and you can find it if you look. September 2004 I think. I have my differences with El_C to be sure, but was surprised to see a block, so I left a note. ++: t/c """,0,0,0,0,0,0
00148d055a169b93,"""

Not at all, you are making a straw man argument here. I never claimed O'Donohue had that position, rather that practitioners and researchers in the field ignored the DSM position, which is exactly what the quote says and also something O'Donohue agrees with. 

Again, I was combating the notion that it was a """"absurd part"""" to claim that pedophilia is a sexual orientation. Since many researchers hold this position, it would be unfair to call it absurd. The disorder part is divided in the field, some argue that it is not a disorder at all, some do. At the end of the day, it is a value judgment (as Cantor pointed out earlier in the thread), not a scientific judgement. If we choose to make this value judgment in the article, it should be stated clearly and not pretend to have a scientific basis.   """,0,0,0,0,0,0
00151a9f93c6b059,"""

 """"Mainland Asia"""" includes """"the lower basin of China's Yangtze River"""" as well as """"Korea"""".  But being specific is fine too.  I just found a citation for a more comprehensive DNA study by Hammer below, rather than our generarizations and speculation so far. 

 Citation for """"Yayoi culture was brought to Japan by migrants from Korea, who in turn trace their roots to southeast Asia/south China."""" 

 2005 DNA study by Hammer
 Describes the Yayoi migration from Korea based on the O-SRY(465) genes and other genes with close lineage (haplogroups O-M122 and O-M95).
Reiterates that """"the entire O haplogroup has been proposed to have a Southeast Asian origin.""""  (Their definition of Southeast Asia includes southern China).  Then hypothesizes that """"the dispersals of Neolithic farmers from Southeast Asia also brought haplogroup O lineages to Korea and eventually to Japan.""""
 In the concluding paragraph, it states """"we propose that the Yayoi Y chromosomes descend from prehistoric farmers that had their origins in southeastern Asia, perhaps going back to the origin of agriculture in this region.""""
 Hammer's DNA study is based on a """"global sample consisted of > 2,500 males from 39 Asian populations, including six populations sampled from across the Japanese archipelago.""""
 """,0,0,0,0,0,0
0015f4aa35ebe9b5,"pretty much everyone from warren county/surrounding regions was born at glens falls hospital. myself included. however, i'm not sure this qualifies anyone as being a glens falls native. rachel ray is, i believe, actually from the town of lake luzerne.  —The preceding unsigned comment was added by 70.100.229.154  04:28:57, August 19, 2007 (UTC)",0,0,0,0,0,0
00169857adbc989b,"Hi Explicit, can you block O Fenian for edit-warring on the Giant's Causeway wp. He has made several edits which can only be described as terrorism.",0,0,0,0,0,0
0016e01b742b8da3,"Notability of Rurika Kasuga
A tag has been placed on Rurika Kasuga, requesting that it be speedily deleted from Wikipedia. This has been done because the article seems to be about a person, group of people, band, club, company, or web content, but it does not indicate how or why the subject is notable, that is, why an article about that subject should be included in Wikipedia. Under the criteria for speedy deletion, articles that do not assert notability may be deleted at any time. Please see the guidelines for what is generally accepted as notable, and if you can indicate why the subject of this article is notable, you may contest the tagging. To do this, add  on the top of the page (below the existing db tag) and leave a note on the article's talk page explaining your position. Please do not remove the speedy deletion tag yourself, but don't hesitate to add information to the article that would confirm its subject's notability under the guidelines.

For guidelines on specific types of articles, you may want to check out our criteria for biographies, for web sites, for bands, or for companies. Feel free to leave a note on my talk page if you have any questions about this.",0,0,0,0,0,0
001956c382006abd,"I'm Sorry 

I'm sorry I screwed around with someones talk page.  It was very bad to do.  I know how having the templates on their talk page helps you assert your dominance over them.  I know I should bow down to the almighty administrators.  But then again, I'm going to go play outside....with your mom.   76.122.79.82",1,0,0,0,0,0
001b2dd65d9d925c,"I don't believe the Lisak criticism present there conforms with the NPV rule.  Lisak doesn't have a neutral point of view to begin with.  If an offer to polygraph or even concerned review of polygraph results shocks a complainant into thinking her lies have been uncovered, the recantation is still perfectly valid.  If you know you are telling the truth, you will argue with machine or investigator.  Also part of Kanin's research was a followup of the recanted story where possible to verify if any were false recantations.  In all followups the recanted version of events matched what the accused said happened.

Arguing that Lisak is a respected PHD is baseless if Kanin is a respected PHD.  I agree that my edit wasn't as neutral as possible though, so apologize for that.  Still something must be done here.",0,0,0,0,0,0
001c419c445b5a59,"You had a point, and it's now ammended with appropriate encyclopedic notability/significance.",0,0,0,0,0,0
